{"1":{"showTime":0.5,"showTimeDelay":0},"2":{"scaleBegin":1,"scaleEnd":1.5,"scaleTime":1.5,"showTimeDelay":0},"3":{"scaleBegin":0.5,"scaleEnd":1,"scaleTime":1.5,"showTimeDelay":0},"4":{"scaleBegin":0.5,"scaleEnd":1.5,"scaleTime":1.5,"showTime":0.5,"showTimeDelay":0},"5":{"showTimeDelay":0,"move1X":300,"move1Y":0,"move1Time":0.8000000000000000444089209850062616169452667236328125},"6":{"showTimeDelay":0.8000000000000000444089209850062616169452667236328125},"zoomIn":{"scaleBegin":1.5,"scaleEnd":1.5,"scaleTime":0,"showTime":0,"showTimeDelay":0},"moveOut":{"move1X":1400,"move1Y":0,"move1Time":1.1999999999999999555910790149937383830547332763671875},"meFullMove":{"showTimeDelay":0,"move1X":56.5,"move1Y":0,"move1Time":7},"8":{"showTimeDelay":0,"move1X":50,"move1Y":0,"move1Time":0.5},"beer1":{"move1X":150,"move1Y":0,"move1Time":0},"beer2":{"move1X":600,"move1Y":0,"move1Time":0},"badGuy1":{"move1X":0,"move1Y":0,"move1Time":0},"badGuy2":{"move1X":600,"move1Y":0,"move1Time":0},"badGuy3":{"move1X":700,"move1Y":0,"move1Time":0},"badGuy4":{"move1X":750,"move1Y":0,"move1Time":0},"badGuy5":{"move1X":800,"move1Y":0,"move1Time":0},"down":{"move1X":390,"move1Y":270,"move1Time":0.5},"dance2Custom1":{"move1X":100,"move1Y":0,"move1Time":0},"dance2Custom2":{"move1X":600,"move1Y":0,"move1Time":0},"man2Move":{"move1X":750,"move1Y":0,"move1Time":0.8000000000000000444089209850062616169452667236328125},"girl1Move":{"move1X":0,"move1Y":0,"move1Time":0,"move2X":450,"move2Y":0,"move2Time":0.8000000000000000444089209850062616169452667236328125},"girl1Move2":{"move1X":450,"move1Y":0,"move1Time":0,"move2X":500,"move2Y":0,"move2Time":0.8000000000000000444089209850062616169452667236328125},"man2R":{"move1X":750,"move1Y":0,"move1Time":0},"clothBossMove":{"move1X":400,"move1Y":0,"move1Time":0.8000000000000000444089209850062616169452667236328125},"clothBossPos1":{"move1X":400,"move1Y":0,"move1Time":0},"girl1R":{"move1X":450,"move1Y":0,"move1Time":0},"girl1R2":{"move1X":500,"move1Y":0,"move1Time":0},"shake1":{"showTimeDelay":0,"shakePower":10,"shakeTime":0.5},"shake2":{"showTimeDelay":0,"shakePower":20,"shakeTime":1},"shake3":{"showTimeDelay":0,"shakePower":50,"shakeTime":1},"PosLshake1":{"showTimeDelay":0,"shakePower":10,"shakeTime":0.5,"move1X":50,"move1Y":0,"move1Time":0},"PosLshake2":{"showTimeDelay":0,"shakePower":100,"shakeTime":1.5,"move1X":50,"move1Y":0,"move1Time":0},"blackman2Move":{"move1X":500,"move1Y":0,"move1Time":0},"15Move":{"move1X":250,"move1Y":0,"move1Time":0},"big1":{"scaleBegin":1.5,"scaleEnd":1.5,"scaleTime":0},"bossMove":{"move1X":250,"move1Y":0,"move1Time":0.8000000000000000444089209850062616169452667236328125},"meMoveL":{"move1X":0,"move1Y":0,"move1Time":0.8000000000000000444089209850062616169452667236328125},"mePosL":{"move1X":0,"move1Y":0,"move1Time":0},"liMoveL":{"move1X":300,"move1Y":0,"move1Time":0.8000000000000000444089209850062616169452667236328125},"liPos":{"move1X":300,"move1Y":0,"move1Time":0},"liBeginMove":{"move1X":680,"move1Y":0,"move1Time":1.1999999999999999555910790149937383830547332763671875},"7Move":{"move1X":385.5,"move1Y":0,"move1Time":1.1999999999999999555910790149937383830547332763671875},"7MoveOut":{"move1X":1400,"move1Y":0,"move1Time":1.1999999999999999555910790149937383830547332763671875},"13In":{"move1X":332,"move1Y":0,"move1Time":1.1999999999999999555910790149937383830547332763671875},"blackman1In":{"move1X":238.5,"move1Y":0,"move1Time":1},"mePos":{"move1X":369,"move1Y":0,"move1Time":0},"man2In":{"move1X":336.5,"move1Y":0,"move1Time":1.1999999999999999555910790149937383830547332763671875},"weaponIn":{"move1X":700,"move1Y":300,"move1Time":0.5},"shake3long":{"showTimeDelay":0,"shakePower":60,"shakeTime":5},"spalash":{"showTime":0,"hideTime":0.299999999999999988897769753748434595763683319091796875}}
